{
  "id": 1234,
  "utility": "Seattle City Light",
  "email": "erick.s.salvatierra@gmail.com",
  "address": "123 Elm St",
  "city": "Chicago",
  "state": "IL",
  "zip": 60007,
  "user_energy": {
    "date_names": [
      "January 2024",
      "December 2023",
      "November 2023",
      "October 2023",
      "September 2023",
      "August 2023",
      "July 2023",
      "June 2023",
      "May 2023",
      "April 2023",
      "March 2023",
      "February 2023"
    ],
    "electricity_consumption": [
      52.831, 52.655, 94.642, 25.031, 42.981, 25.413, 73.575, 90.008, 92.173,
      13.962, 47.757, 87.798
    ],
    "electricity_cost": [
      108.53, 61.2, 164.28, 135.03, 156.93, 173.56, 157.22, 98.54, 173.1,
      129.48, 115.6, 94.74
    ]
  },
  "user_electricity_consumption_annual": 698.8259999999999,
  "user_electricity_cost_annual": 1568.2099999999998,
  "user_gas": {
    "date_names": [
      "January 2024",
      "December 2023",
      "November 2023",
      "October 2023",
      "September 2023",
      "August 2023",
      "July 2023",
      "June 2023",
      "May 2023",
      "April 2023",
      "March 2023",
      "February 2023"
    ],
    "gas_consumption": [
      27001, 53099, 18340, 61400, 68329, 63334, 81523, 90973, 71470, 63650,
      37285, 63207
    ],
    "gas_cost": [
      75.5, 40.07, 90.6, 86.42, 57.33, 12.75, 85.91, 72.98, 44.37, 17.13, 51.56,
      10.84
    ]
  },
  "user_gas_consumption_annual": 699611,
  "user_gas_cost_annual": 645.4599999999999,
  "home": {
    "date_names": [
      "January 2024",
      "December 2023",
      "November 2023",
      "October 2023",
      "September 2023",
      "August 2023",
      "July 2023",
      "June 2023",
      "May 2023",
      "April 2023",
      "March 2023",
      "February 2023"
    ],
    "home_electricity_consumption": [
      21.132400000000004, 21.062, 56.785199999999996, 15.0186,
      17.192400000000003, 10.1652, 29.430000000000003, 54.004799999999996,
      36.8692, 5.5848, 19.1028, 35.1192
    ],
    "home_electricity_cost": [
      43.412000000000006, 24.480000000000004, 98.568, 81.018,
      62.772000000000006, 69.424, 62.888000000000005, 59.124, 69.24, 51.792,
      46.24, 37.896
    ],
    "home_gas_consumption": [
      10800.400000000001, 31859.399999999998, 11004.0, 24560.0,
      27331.600000000002, 38000.4, 48913.799999999996, 54583.799999999996,
      28588.0, 38190.0, 22371.0, 37924.2
    ],
    "home_gas_cost": [
      30.200000000000003, 24.041999999999998, 54.35999999999999,
      34.568000000000005, 22.932000000000002, 7.6499999999999995, 51.546,
      43.788000000000004, 17.748, 10.277999999999999, 30.936, 6.504
    ],
    "home_electricity_consumption_annual": 321.4665999999999,
    "home_electricity_cost_annual": 706.854,
    "home_gas_consumption_annual": 374126.60000000003,
    "home_gas_cost_annual": 334.552
  },
  "washer": {
    "applianceType": "washer",
    "date_names": [
      "January 2024",
      "December 2023",
      "November 2023",
      "October 2023",
      "September 2023",
      "August 2023",
      "July 2023",
      "June 2023",
      "May 2023",
      "April 2023",
      "March 2023",
      "February 2023"
    ],
    "electricity_consumption": [
      2.6415500000000005, 4.212400000000001, 7.571359999999999, 2.00248,
      3.43848, 1.27065, 3.6787500000000004, 4.5004, 7.37384, 0.6981, 3.82056,
      7.02384
    ],
    "electricity_cost": [
      5.426500000000001, 4.896, 13.1424, 10.8024, 12.554400000000001, 8.678,
      7.861000000000001, 4.9270000000000005, 13.847999999999999, 6.474, 9.248,
      7.5792
    ],
    "electricity_consumption_annual": 48.232409999999994,
    "electricity_cost_annual": 105.43690000000002
  },
  "dryer": {
    "applianceType": "dryer",
    "date_names": [
      "January 2024",
      "December 2023",
      "November 2023",
      "October 2023",
      "September 2023",
      "August 2023",
      "July 2023",
      "June 2023",
      "May 2023",
      "April 2023",
      "March 2023",
      "February 2023"
    ],
    "gas_consumption": [
      2700.1000000000004, 10619.800000000001, 3668.0, 12280.0,
      13665.800000000001, 12666.800000000001, 16304.6, 9097.300000000001,
      28588.0, 25460.0, 7457.0, 12641.400000000001
    ],
    "gas_cost": [
      7.550000000000001, 8.014000000000001, 18.12, 17.284000000000002,
      11.466000000000001, 2.5500000000000003, 17.182, 7.298000000000001, 17.748,
      6.852, 10.312000000000001, 2.168
    ],
    "gas_consumption_annual": 155148.80000000002,
    "gas_cost_annual": 126.54400000000003
  },
  "dishwasher": {
    "applianceType": "dishwasher",
    "date_names": [
      "January 2024",
      "December 2023",
      "November 2023",
      "October 2023",
      "September 2023",
      "August 2023",
      "July 2023",
      "June 2023",
      "May 2023",
      "April 2023",
      "March 2023",
      "February 2023"
    ],
    "electricity_consumption": [
      2.6415500000000005, 2.63275, 7.571359999999999, 2.00248, 3.43848, 2.03304,
      3.6787500000000004, 4.5004, 4.60865, 0.6981, 2.38785, 7.02384
    ],
    "electricity_cost": [
      5.426500000000001, 3.0600000000000005, 13.1424, 10.8024,
      12.554400000000001, 13.8848, 7.861000000000001, 4.9270000000000005, 8.655,
      6.474, 5.78, 7.5792
    ],
    "electricity_consumption_annual": 43.21724999999999,
    "electricity_cost_annual": 100.14670000000001
  }
}
