{"id": 1234, "utility": "Seattle City Light", "email": "erick.s.salvatierra@gmail.com", "address": "123 Elm St", "city": "Chicago", "state": "IL", "zip": 60007, "user_energy": {"date_names": ["February 2023", "March 2023", "April 2023", "May 2023", "June 2023", "July 2023", "August 2023", "September 2023", "October 2023", "November 2023", "December 2023", "January 2024"], "electricity_consumption": [87.798, 47.757, 13.962, 92.173, 90.008, 73.575, 25.413, 42.981, 25.031, 94.642, 52.655, 52.831], "electricity_cost": [94.74, 115.6, 129.48, 173.1, 98.54, 157.22, 173.56, 156.93, 135.03, 164.28, 61.2, 108.53]}, "user_electricity_consumption_annual": 698.8259999999999, "user_electricity_cost_annual": 1568.21, "user_gas": {"date_names": ["February 2023", "March 2023", "April 2023", "May 2023", "June 2023", "July 2023", "August 2023", "September 2023", "October 2023", "November 2023", "December 2023", "January 2024"], "gas_consumption": [63207, 37285, 63650, 71470, 90973, 81523, 63334, 68329, 61400, 18340, 53099, 27001], "gas_cost": [10.84, 51.56, 17.13, 44.37, 72.98, 85.91, 12.75, 57.33, 86.42, 90.6, 40.07, 75.5]}, "user_gas_consumption_annual": 699611, "user_gas_cost_annual": 645.46, "home": {"date_names": ["February 2023", "March 2023", "April 2023", "May 2023", "June 2023", "July 2023", "August 2023", "September 2023", "October 2023", "November 2023", "December 2023", "January 2024"], "home_electricity_consumption": [52.6788, 19.1028, 8.3772, 55.3038, 54.004799999999996, 44.145, 15.2478, 25.7886, 15.0186, 37.8568, 31.593, 31.6986], "home_electricity_cost": [56.843999999999994, 46.24, 77.68799999999999, 103.86, 59.124, 94.332, 104.136, 94.158, 81.018, 65.712, 36.72, 65.118], "home_gas_consumption": [25282.800000000003, 14914.0, 25460.0, 42882.0, 54583.799999999996, 32609.2, 25333.600000000002, 40997.4, 24560.0, 11004.0, 31859.399999999998, 16200.599999999999], "home_gas_cost": [4.336, 20.624000000000002, 6.852, 26.621999999999996, 43.788000000000004, 34.364, 5.1000000000000005, 34.397999999999996, 34.568000000000005, 54.35999999999999, 24.041999999999998, 45.3], "home_electricity_consumption_annual": 390.8158, "home_electricity_cost_annual": 884.95, "home_gas_consumption_annual": 345686.80000000005, "home_gas_cost_annual": 334.354}, "washer": {"applianceType": "washer", "date_names": ["February 2023", "March 2023", "April 2023", "May 2023", "June 2023", "July 2023", "August 2023", "September 2023", "October 2023", "November 2023", "December 2023", "January 2024"], "brand_name": "LG", "model_name": "WT7010CW", "washer_volume_cu_ft": 4.5, "IMEF": 2.06, "load_type": "Top Load", "electricity_consumption": [4.3899, 3.82056, 0.6981, 7.37384, 4.5004, 5.886, 2.03304, 3.43848, 1.25155, 4.7321, 2.63275, 2.6415500000000005], "electricity_cost": [4.737, 9.248, 6.474, 13.847999999999999, 4.9270000000000005, 12.5776, 13.8848, 12.554400000000001, 6.7515, 8.214, 3.0600000000000005, 5.426500000000001], "electricity_consumption_annual": 43.398270000000004, "electricity_cost_annual": 101.7028}, "dryer": {"applianceType": "dryer", "date_names": ["February 2023", "March 2023", "April 2023", "May 2023", "June 2023", "July 2023", "August 2023", "September 2023", "October 2023", "November 2023", "December 2023", "January 2024"], "brand_name": "Samsung", "model_name": "DV50K8600GV", "dryer_volume_cu_ft": 7.4, "CEF": 3.49, "dryer_type": "Standard", "dryer_energy_type": "Gas", "gas_consumption": [12641.400000000001, 3728.5, 6365.0, 7147.0, 9097.300000000001, 8152.3, 12666.800000000001, 13665.800000000001, 24560.0, 7336.0, 10619.800000000001, 10800.400000000001], "gas_cost": [2.168, 5.156000000000001, 1.713, 4.437, 7.298000000000001, 8.591, 2.5500000000000003, 11.466000000000001, 34.568000000000005, 36.24, 8.014000000000001, 30.200000000000003], "gas_consumption_annual": 126780.30000000002, "gas_cost_annual": 152.401}, "dishwasher": {"applianceType": "dishwasher", "date_names": ["February 2023", "March 2023", "April 2023", "May 2023", "June 2023", "July 2023", "August 2023", "September 2023", "October 2023", "November 2023", "December 2023", "January 2024"], "brand_name": "GE", "model_name": "DDT700SSNSS", "ES_annual_energy_use": 240, "dishwasher_type": "Standard", "dishwasher_width": 23.8, "dishwasher_depth": 24, "electricity_consumption": [7.02384, 2.38785, 1.11696, 7.37384, 4.5004, 3.6787500000000004, 1.27065, 3.43848, 2.00248, 4.7321, 2.63275, 2.6415500000000005], "electricity_cost": [7.5792, 5.78, 10.3584, 13.847999999999999, 4.9270000000000005, 7.861000000000001, 8.678, 12.554400000000001, 10.8024, 8.214, 3.0600000000000005, 5.426500000000001], "electricity_consumption_annual": 42.79965000000001, "electricity_cost_annual": 99.08890000000001}}